tipo,numero,cliente_excel,texto_original,comprobantes_parseados,accion,motivo
sombrilla,1,Gustavo D´Agostino / Gabriela D´Agostino,RB 1131  - RB 1136 - RB 1139 - 1146 - 1863,"RB-1131,RB-1136,RB-1139,RB-1146,RB-1863",vincular,"5 comprobantes = 5 pagos, 1 a 1 cronológico"
sombrilla,4,DIEGO MINOLDO,RB 1250 - RB 1867,"RB-1250,RB-1867",vincular,"2 comprobantes = 2 pagos, 1 a 1 cronológico"
sombrilla,5,Susana Gallego,RB 1126 - RB 1871 - RB 1878,"RB-1126,RB-1871,RB-1878",vincular,"3 comprobantes = 3 pagos, 1 a 1 cronológico"
sombrilla,7,SANDRA ALBIN / OSCAR DI PAOLA,RB 1862 - RB 1876 - B 1882,"RB-1862,RB-1876,RB-1882",vincular,"3 comprobantes = 3 pagos, 1 a 1 cronológico"
sombrilla,9,Valeria Moretto/ Fernando Gallotti,RB 3659,RB-3659,vincular,"1 comprobantes = 1 pagos, 1 a 1 cronológico"
sombrilla,13,Florencia Curiuni,FCHELO 81 - FCHELO 83,FCHELO 81 - FCHELO 83,revisar,parseo falló: token no parseable: 'FCHELO 81'
sombrilla,17,Nati/Adriana Andreu / Silvia Patrone / Sara Liebana,RB 1149 - RB 1872 - RB 1879,"RB-1149,RB-1872,RB-1879",vincular,"3 comprobantes = 3 pagos, 1 a 1 cronológico"
sombrilla,25,Beatriz Recalde,RB 3662,RB-3662,vincular,"1 comprobantes = 1 pagos, 1 a 1 cronológico"
sombrilla,27,AGUSTIN/FRANCA PIACENTINI,RB 3660,RB-3660,vincular,"1 comprobantes = 1 pagos, 1 a 1 cronológico"
sombrilla,28,Agustina Cepeda / Ximena Elgarrista / Juan ,RB 3658,RB-3658,vincular,"1 comprobantes = 1 pagos, 1 a 1 cronológico"
sombrilla,31,Camila Diez/ Patricia / Mirta Bamonde ,RB 1145,RB-1145,vincular,"1 comprobantes = 1 pagos, 1 a 1 cronológico"
sombrilla,37,Patrizi Eduardo - Alicia Fernandez ,FB 713,FB-713,vincular,"1 comprobantes = 1 pagos, 1 a 1 cronológico"
sombrilla,38,Silvana Gozzi / Irene Martinez,RB 1120 - FB 703,"RB-1120,FB-703",vincular,"2 comprobantes = 2 pagos, 1 a 1 cronológico"
carpa,8,MATIAS SUAREZ,FB 702 - RB 1118  - RB 1121,"FB-702,RB-1118,RB-1121",vincular,"3 comprobantes = 3 pagos, 1 a 1 cronológico"
carpa,9,LUJAN SALAS / BRUNO STEFANINI,RB 3651,RB-3651,vincular,"1 comprobantes = 1 pagos, 1 a 1 cronológico"
carpa,10,IGNACIO ELICHIRIBEHTI - MACARENA ELICHIRIBEHTI ,RB 1856,RB-1856,vincular,"1 comprobantes = 1 pagos, 1 a 1 cronológico"
carpa,14,CECILIA JUAN / GISELA BOMBINI / VICTORIA GALLIUZI,RB 1854,RB-1854,vincular,"1 comprobantes = 1 pagos, 1 a 1 cronológico"
carpa,20,Carretero-Pagliardini-DomiNe,RB 3657 RB 1897 RB 1888,RB 3657 RB 1897 RB 1888,revisar,parseo falló: token no parseable: 'RB 3657 RB 1897 RB 1888'
carpa,21,Marita Reboredo ,FB 696,FB-696,vincular,"1 comprobantes = 1 pagos, 1 a 1 cronológico"
carpa,25,Fiorella Speranza/ Josefina Valicenti,RB 1108 - RB 1143,"RB-1108,RB-1143",vincular,"2 comprobantes = 2 pagos, 1 a 1 cronológico"
carpa,28,MERCEDES GOTTSCHALK / ALEJANDRO AHALLOUB / PABLO RIZZARDI / SILVINA MARTINEZ,RB 1144 - FA 128,"RB-1144,FA-128",vincular,"2 comprobantes = 2 pagos, 1 a 1 cronológico"
carpa,31,Vanessa Staldeker / Florencia Sanchez,RB 1141 - FB 722 - FB 720 - RB 1852,"RB-1141,FB-722,FB-720,RB-1852",vincular,"4 comprobantes = 4 pagos, 1 a 1 cronológico"
carpa,32,Sabrina Agostinelli/ Claudia Enrique,RB 1116,RB-1116,vincular,"1 comprobantes = 1 pagos, 1 a 1 cronológico"
carpa,33,Mari Marchessi,FA 127,FA-127,vincular,"1 comprobantes = 1 pagos, 1 a 1 cronológico"
carpa,34,MARCELO MEDEL,RB 1140 1851,RB 1140 1851,revisar,parseo falló: token no parseable: 'RB 1140 1851'
carpa,36,Sabrina Mateika/Francisco Gonzalez Calderon,RB 3656,RB-3656,vincular,"1 comprobantes = 1 pagos, 1 a 1 cronológico"
carpa,40,Fernanda Elizalde /Silvia Lutteral/Marita Crespo ,FB 707 - FB 709 - FB 714,"FB-707,FB-709,FB-714",vincular,"3 comprobantes = 3 pagos, 1 a 1 cronológico"
carpa,41,Fernando Erdozain,RB 1137 - RB 1884,"RB-1137,RB-1884",vincular,"2 comprobantes = 2 pagos, 1 a 1 cronológico"
carpa,43,Jorge Pando ,RB 1855 - RB 1857 - RB 1875 - RB 1880,"RB-1855,RB-1857,RB-1875,RB-1880",vincular,"4 comprobantes = 4 pagos, 1 a 1 cronológico"
carpa,44,Marcelo Saldias,FA 129,FA-129,vincular,"1 comprobantes = 1 pagos, 1 a 1 cronológico"
carpa,45,Juan Spiller,RB 1128 - FB 719,"RB-1128,FB-719",vincular,"2 comprobantes = 2 pagos, 1 a 1 cronológico"
carpa,46,Agustina Diaz /Sebastian Izus /Leo Barbano,RB 1114,RB-1114,vincular,"1 comprobantes = 1 pagos, 1 a 1 cronológico"
carpa,47,MYRIAM MOLINA/ CRISTIAN CARZOLIO,RB 1142 - RB 1869,"RB-1142,RB-1869",vincular,"2 comprobantes = 2 pagos, 1 a 1 cronológico"
carpa,48,Alejandro Nieto,RB 1117,RB-1117,vincular,"1 comprobantes = 1 pagos, 1 a 1 cronológico"
carpa,49,Patricia Martos / GUILLERMO LOPEZ,RB 1860 + RB 1861,RB 1860 + RB 1861,revisar,parseo falló: token no parseable: 'RB 1860 + RB 1861'
carpa,50,Hugo Bendahan / Carlos Sciarrotta,FB 700 701 705,FB 700 701 705,revisar,parseo falló: token no parseable: 'FB 700 701 705'
carpa,61,LAMBERTINI / PIERANGELI,RB 1123,RB-1123,vincular,"1 comprobantes = 1 pagos, 1 a 1 cronológico"
carpa,63,Liliana Fernandez / Ignacio Bonanata,RB 1147,RB-1147,vincular,"1 comprobantes = 1 pagos, 1 a 1 cronológico"
carpa,68,Gloria Bianco,RB 1115,RB-1115,vincular,"1 comprobantes = 1 pagos, 1 a 1 cronológico"
carpa,71,Norma Seniza Puchi,RB 3661,RB-3661,vincular,"1 comprobantes = 1 pagos, 1 a 1 cronológico"
carpa,73,Ivana Nuñez / Beatriz Carameli,RB 1111 + RB 1113 - RB 1122 - RB 1134,RB 1111 + RB 1113 - RB 1122 - RB 1134,revisar,parseo falló: token no parseable: 'RB 1111 + RB 1113'
carpa,81,Carolina Fortier ,RB 1132 - RB 1864 - RB 1877,"RB-1132,RB-1864,RB-1877",vincular,"3 comprobantes = 3 pagos, 1 a 1 cronológico"
carpa,82,Telma Jara - Alejandro Oliva - Diaz ,FB 735 - RB 1890,"FB-735,RB-1890",vincular,"2 comprobantes = 2 pagos, 1 a 1 cronológico"
carpa,83,Andrea Saccon,RB 1112,RB-1112,vincular,"1 comprobantes = 1 pagos, 1 a 1 cronológico"
carpa,89,Claudina Orunesu / Claudia Rodriguez / Adriana Olivera,FB 711 - FB 712,"FB-711,FB-712",vincular,"2 comprobantes = 2 pagos, 1 a 1 cronológico"
carpa,91,Martín Travesino ,RB 1148 - RB 1853 - RB 1870,"RB-1148,RB-1853,RB-1870",vincular,"3 comprobantes = 3 pagos, 1 a 1 cronológico"
carpa,95,Monica Zappaterra / Pablo Szpyrnal,FB 710,FB-710,vincular,"1 comprobantes = 1 pagos, 1 a 1 cronológico"
carpa,97,Bernardo Dalmasso / Maria,RB 1874 - RB 1883,"RB-1874,RB-1883",vincular,"2 comprobantes = 2 pagos, 1 a 1 cronológico"
carpa,105,Navarro Granollers,FB 706,FB-706,vincular,"1 comprobantes = 1 pagos, 1 a 1 cronológico"
carpa,115,BELEN AMATO,FB 704,FB-704,vincular,"1 comprobantes = 1 pagos, 1 a 1 cronológico"
carpa,129,SARA AZCARATE / GRACIELA FONTANETO / JORGE ETCHEPAREBORDA,RB 1138 - RB 1868,"RB-1138,RB-1868",vincular,"2 comprobantes = 2 pagos, 1 a 1 cronológico"
carpa,134,Natalia Duhalde/ Malala / Fabio Flia Vedia,BANCO NACION,BANCO NACION,revisar,parseo falló: token no parseable: 'BANCO NACION'
carpa,138,Javier Fernandez,RB 1130,RB-1130,vincular,"1 comprobantes = 1 pagos, 1 a 1 cronológico"
carpa,139,Guillermo Paredi /// Patricia,RB 1859,RB-1859,vincular,"1 comprobantes = 1 pagos, 1 a 1 cronológico"
carpa,142,Yanina Braschi / Vero Garrido / Maria Luque,FB 728,FB-728,vincular,"1 comprobantes = 1 pagos, 1 a 1 cronológico"
carpa,144,Federico Iza,RB 1865,RB-1865,vincular,"1 comprobantes = 1 pagos, 1 a 1 cronológico"
carpa,110,JUAN FRANCISCO LOSSINO,FB 727,FB-727,vincular,"1 comprobantes = 1 pagos, 1 a 1 cronológico"
